Страна;Компания;Бренд;Город;Адрес;Чем занимается;Телефон;Email;WhatsApp;Сайт;Источник;БИН / ИНН
Казахстан;ТОО «Pentagon Freight Services (Aktau)»;Pentagon Freight Services;Актау;12 мкр., 79/4, БЦ «Капитал», оф. 301, 304, 306;"Экспедитор: авиа, море, авто, проектные перевозки; офисы Актау, Атырау, Уральск, Астана";+7 7292 20-21-63;;;https://www.pentagonfreight.com/;https://www.pentagonfreight.com/contact-us;
Казахстан;ТОО «MR-Logistic Group»;;Актобе;;"Международные автоперевозки; член Союза перевозчиков КазАТО";+7 702 629 21 10;too_mr@bk.ru;;;https://www.kazato.kz/storage/15.09.2026/%D0%A1%D0%BF%D0%B8%D1%81%D0%BE%D0%BA%20%D0%BF%D0%B5%D1%80%D0%B5%D0%B2%D0%BE%D0%B7%D1%87%D0%B8%D0%BA%D0%BE%D0%B2%20%D0%BD%D0%B0%20%D1%81%D0%B0%D0%B9%D1%82%2015.09.2026.xls;
Казахстан;ТОО «Rokos Logistics»;Rokos Logistics;Актобе;41-й разъезд, Курсантское шоссе, 16;"Рефрижераторные перевозки (парк Volvo): РК, СНГ, Китай, Европа; экспедирование";+7 700 761 7000;sales@rokos.kz;;https://www.rokoslogistics.kz/;https://www.rokoslogistics.kz/;211240029497
Казахстан;ТОО «Тэкфорт»;;Актобе;;"Международные автоперевозки; член Союза перевозчиков КазАТО";+7 (7132) 50-84-09;transtorg@yandex.ru;;;https://www.kazato.kz/storage/15.09.2026/%D0%A1%D0%BF%D0%B8%D1%81%D0%BE%D0%BA%20%D0%BF%D0%B5%D1%80%D0%B5%D0%B2%D0%BE%D0%B7%D1%87%D0%B8%D0%BA%D0%BE%D0%B2%20%D0%BD%D0%B0%20%D1%81%D0%B0%D0%B9%D1%82%2015.09.2026.xls;
Казахстан;ТОО «ABT & E-TRANS FORWARDING COMPANY»;ABT Trans;Алматы;ул. Панфилова, 14, офис 7;Автоперевозки по Казахстану и СНГ, LTL, консолидация, экспедирование, парк Scania;+7 (727) 390-50-00;zakaz@abttrans.kz;;https://abttrans.kz/;https://abttrans.kz/ekspeditorskie-kompanii/;080940004811
Казахстан;ТОО «CARGOS KAZAKHSTAN»;Cargos.kz;Алматы;ул. Кунаева, 1, офис 202;Сборные грузы в Казахстан из Китая, Кореи, Турции, ОАЭ, Германии всеми видами транспорта;+77083270826;cargoskz@gmail.com;+77078223335;https://cargos.kz/;https://cargos.kz/%D0%9A%D0%BE%D0%BD%D1%82%D0%B0%D0%BA%D1%82%D1%8B/;
Казахстан;ТОО «CK Logistics»;CK Logistics;Алматы;мкр. Коктем-2, 22, офис 902;Перевозки из Европы, США, Китая, Кореи: авто, ЖД, авиа, негабарит, опасные грузы;+7 700 550-00-40;order@cklogistics.org;;https://www.cklogistics.org/;https://www.cklogistics.org/;
Казахстан;ТОО «DSF Trading Co»;DSF;Алматы;мкр. Кайрат, 282;Складская логистика, 3PL, фулфилмент, температурное хранение, перевозки по РК;+7 (700) 760 06 71;info@dsf.kz;;https://dsf.kz/;https://dsf.kz/;
Казахстан;ТОО «EGLC»;EGLC;Алматы;ул. Кенесары хана, 54/24-к1;Доставка грузов из Китая в Казахстан: авто, ЖД, авиа, таможня, страхование, склады;+7 747 094 77 88;info@eglc.kz;+7 747 094 77 88;https://eglc.kz/;https://eglc.kz/;
Казахстан;ТОО «Falcon Logistic Group»;Falcon Logistic Group;Алматы;пр. Сейфуллина, 498, офис 901;"Доставка из Китая, Европы, Турции: авто, ЖД, авиа, мультимодальные; терминал 100 000 м²";+7 700 338 8050;zapros@falconkz.com;;https://falconkz.com/;https://falconkz.com/;200940029983
Казахстан;ТОО «GTrans»;GTrans (Great Transportation);Алматы;ул. Ходжанова, 2/2, 8 этаж;"Авто, ЖД, авиа: Китай, Россия, Европа, Корея; свой парк и 2000+ перевозчиков";+7 706 904 1404;info@gtrans.kz;;https://gtrans.kz/;https://gtrans.kz/;
Казахстан;ТОО «INTERLUXCARGO»;InterLuxCargo;Алматы;ул. Гоголя, 86, офис 407A, БЦ «Казжол-уют»;Перевозки из Китая в Казахстан и Россию: авиа, ЖД, авто, мультимодальные, таможня;+7 727 325 11 11;info@interluxcargo.com;+7 777 222 00 68;https://interluxcargo.com/;https://interluxcargo.com/;150340012876
Казахстан;ТОО «Interlogcon»;Interlogcon (ИЛК);Алматы;ул. Байзакова, 289;3PL-провайдер: международные перевозки из Китая, Европы, ОАЭ, таможня, доставка;+7 (708) 800 35 09;calculation_kz@interlogcon.com;;https://interlogcon.kz/;https://interlogcon.kz/;
Казахстан;ТОО «Jet Logistic»;Jet Logistic;Алматы;ул. Панфилова, 26;"Доставка грузов по РК и ЕАЭС, ВЭД; офисы: Шымкент, Тараз, Талдыкорган, Оскемен, Семей";+7 775 007 4212;info@jetlogistic.kz;;https://www.jet.com.kz/;https://www.jet.com.kz/%D0%BA%D0%BE%D0%BD%D1%82%D0%B0%D0%BA%D1%82%D1%8B.html;071140015363
Казахстан;ТОО «KLS»;KLS;Алматы;пр. Суюнбая, 2 к1, офис 8;Транспортная, складская и таможенная логистика, все виды транспорта;+7 (727) 271 21 30;info@kls.kz;;https://kls.kz/;https://kls.kz/contacts;
Казахстан;ТОО «LOGISTIC POINT»;Logistic Point;Алматы;пр. Достык, 210 «А», офис 82;"Международные и сборные грузоперевозки по РК и СНГ, склад, брокер; 19 представительств";+7 (727) 296 08 51;manager@lp.kz;;https://logistic-point.kz/;https://logistic-point.kz/company/requisites/;061140011517
Казахстан;ТОО «MKS Logistics»;MKS Kusto Logistics;Алматы;ул. Паклиевского, 41;"3PL: склады 250 000 м², фулфилмент, транспорт, таможня; Алматы, Шымкент и др.";+7 777 555 0335;sales@mks-logistic.kz;+7 777 555 0335;https://mks-logistics.kz/;https://mks-logistics.kz/;
Казахстан;ТОО «PEGAS LOGISTICS»;Pegas Logistics;Алматы;ул. Наурызбай батыра, 17/1, офис 301, 303, 305;Перевозки из Китая, России, Европы, Турции в Казахстан: авто, ЖД, авиа, море, сборные;+7 (727) 310 02 34;info@pegaslogistics.kz;+7 708 890 84 35;https://pegaslogistics.kz/;https://pegaslogistics.kz/;181040035011
Казахстан;ТОО «QTC.KZ»;KazChinaLogistics;Алматы;мкр. Аксай-3а, 90, БЦ Аксай, 3 этаж, офис 14;Доставка грузов из Китая в Казахстан: авто, ЖД, авиа, таможня, страхование;+7 775 456 09 55;;;https://kazchinalogistics.kz;https://kazchinalogistics.kz;161140027900
Казахстан;ТОО «Qaz Global Logistic»;Qaz Global Logistic;Алматы;БЦ Эталон, ул. Кунаева, 32, офис 207;"Тентовые и рефрижераторные перевозки СНГ, Китай, Европа; ADR, страхование груза";+7 (700) 150-65-00;qazgloballogistic@gmail.com;;https://qazgloballogistic.kz/;https://qazgloballogistic.kz/;
Казахстан;ТОО «TrustWay Forwarder»;TrustWay;Алматы;ул. Тимирязева, 42 к15/107, офис 221;Авиа, авто, ЖД и мультимодальные поставки из 50+ стран с таможенным оформлением;+7 777 668-46-18;info@trust-way.kz;;https://trust-way.kz/;https://trust-way.kz/;240140023546
Казахстан;ТОО «Zhebe Logistics»;Zhebe Logistics;Алматы;пр. Райымбека, 211, БЦ «Жетысу», офис 22;"Авто, ЖД, авиа, море, контейнеры, 3PL, опасные грузы, негабарит, таможня; 50+ стран";+7 727 310 0085;info@zhebelogistics.kz;;https://zhebelogistics.kz/;https://zhebelogistics.kz/contacts;071240009372
Казахстан;ТОО «Алеко Сервис»;АЛЕКО;Алматы;ул. Ратушного, 70;"Грузоперевозки РК–Россия–Кыргызстан, склад, закупки в РФ; офисы Астана, Караганда";+7 (727) 294-21-33;aleko@aleko.kz;;https://www.aleko.kz/ru/;https://www.aleko.kz/ru/;
Казахстан;ТОО «Алем ТАТ»;Alem TAT;Алматы;ул. Жахангер, 14/25;"Экспресс-доставка и грузы по РК и СНГ; офисы: Шымкент, Тараз, Талдыкорган, Оскемен, Семей";+7 (727) 395-50-50;info@alemtat.kz;+7 747 395 50 50;https://alemtat.kz/;https://alemtat.kz/contacts;
Казахстан;ТОО «Алферт»;Алферт;Алматы;ул. Елебекова, 10, БЦ «Venus», блок 3, этаж 3, офис 303;"Экспедирование: авто, ЖД, море, авиа, мультимодальные, 3PL; Китай и СНГ";+7 (727) 355-62-30;info@alfert.kz;;https://www.alfert.kz/;https://www.alfert.kz/kontakty/;070740010292
Казахстан;ТОО «ДТ АЛМАТЫ»;ДТ Алматы;Алматы;ул. Жандосова, 1/1, БЦ Success, 4 этаж;B2B-грузоперевозки из Алматы по РК, СНГ и Европе: авто, ЖД, море, авиа;+7 (727) 312-40-55;info@da-trans.kz;;https://da-trans.kz/;https://da-trans.kz/contacts/;240840028502
Казахстан;ТОО «Желдорэкспедиция-РК»;ЖелДорЭкспедиция;Алматы;мкр. Кемел, ул. Жадаукок, 26;"Сборные грузы и экспедирование КЗ–РФ–Беларусь, автодоставка; пункт в Оскемене";+7 (705) 415-16-76;;;https://www.jde.ru/;https://www.jde.ru/branch/almaty/;
Казахстан;ТОО «Исткомтранс»;EastComTrans;Алматы;пр. Аль-Фараби, 77/7, БЦ Есентай Тауэр, 11 этаж;Оператор подвижного состава: ЖД и контейнерные перевозки, аренда парка, экспедирование;+7 (727) 3 555 111;eastcom@ect.kz;;https://www.ect.kz/;https://www.ect.kz/;
Казахстан;ТОО «К-Трансгрупп»;K-Transgroup;Алматы;ул. Казыбаева, 7г;"Негабарит и тяжеловесы: перевозка, разрешения, сопровождение; РК, СНГ, Европа, Китай";+7 701 516 1094;info@k-transgroup.kz;;https://k-transgroup.kz/;https://k-transgroup.kz/;
Казахстан;ТОО «ПЕРВАЯ ЭКСПЕДИЦИОННАЯ КОМПАНИЯ Казахстан»;ПЭК;Алматы;ул. Казыбаева, 3;"Сборные грузы РК–РФ, экспедирование, 13 3PL-складов; филиалы Астана, Шымкент и др.";+7 (727) 346-77-77;;;https://pecom.kz/;https://pecom.kz/;121140009856
Казахстан;ТОО «Транслайн»;Transline;Алматы;;Автоперевозки РК, СНГ, Азия, Европа: 350 машин, рефрижераторы, контейнеры, негабарит;+7 (707) 367-11-04;info@transline.kz;;https://transline.kz/;https://transline.kz/politika-konfidencialnosti;
Казахстан;АО «KTZ Express»;KTZ Express;Астана;ул. Динмухамед Конаев, 10, 25 этаж, офис 2503;Международная мультимодальная логистика, контейнерные перевозки, склады;+7 (7172) 61-15-00;sales@ktze.kz;+7 705 263 35 43;https://www.ktze.kz/;https://www.ktze.kz/about;
Казахстан;АО «Кедентранссервис»;;Астана;Есильский район, ул. Достык, 18;Экспедитор: ж/д и контейнерные перевозки, транзит, контейнерные поезда в Китай;+7 (7172) 64-88-88;kense@kdts.kz;;https://www.kdts.kz/;https://www.kazlogistics.kz/ru/members_union;
Казахстан;АО «Транко»;Tranco;Астана;пр. Туран, 30а, БЦ «SAT NS»;Управление цепями поставок: экспедирование, перевозки, услуги таможенного представителя;+7 (7172) 47-69-09;office@tranco.kz;;https://www.tranco.kz/;https://www.tranco.kz/ru/o-kompanii;
Казахстан;ТОО «AIE Logistics»;;Астана;ул. Жаханша Досмухамедулы, 46;3PL-оператор: склады класса A/A+, ответхранение, автопарк 50+ машин;+7 (776) 141-59-97;logistics@aie.kz;;https://aie.kz/;https://aie.kz/page/kontakty;060140026512
Казахстан;ТОО «CRUZ Logistics»;CRUZ Logistics;Астана;пр. Тәуелсіздік, 41, оф. 805;"Экспедирование: ж/д, авто, мультимодальные, проектные; офисы Актау, Атырау, Актобе";+7 (7172) 24-82-22;;;https://www.cruzshipping.com/;https://www.cruzshipping.com/;
Казахстан;ТОО «Express Oriental»;;Астана;ул. Шамши Калдаякова, 1, ВП-4;Экспедитор: ж/д перевозки по Казахстану, СНГ и в Китай (есть тел. в Караганде);+7 (7172) 76-81-65;info@oriental.kz;;https://oriental.kz/;https://oriental.kz/contacts/;
Казахстан;ТОО «KAZ-TEMIR-TRANS CARGO»;KTT Cargo;Астана;ул. Динмухамед Конаев, 10, Есильский район;Мультимодальные перевозки, свой подвижной состав, экспедирование, таможня;+7 (7172) 47-65-90;info@kttcargo.kz;;http://kttcargo.kz/en;http://kttcargo.kz/en;
Казахстан;ТОО «Глобал Логистик KZ»;;Астана;ул. Сыганак, 54А, оф. 1407;Экспедитор: оплата ж/д тарифов, перевозки по пространству 1520 (РФ, РБ, УЗ);+7 (7222) 68-25-35;info@glogist.kz;;https://www.glogist.kz/;https://www.glogist.kz/;
Казахстан;ТОО «Глобалинк Транспортэйшн энд Лоджистикс Ворлдвайд»;Globalink Logistics;Астана;ул. Ильяса Жансугурова, 8/1, БЦ Aurzhan;"Экспедирование, проектная логистика; офисы: Атырау, Актау, Актобе, Уральск, Караганда";+7 (7172) 53-23-29;astana@globalinklogistics.com;;https://globalinklogistics.com/kazakhstan/;https://globalinklogistics.com/kazakhstan/;
Казахстан;ТОО «Первая Мультимодальная Компания»;ПМК;Астана;ул. Динмухамед Конаев, 10 (район Есиль);Ж/д, контейнерные, мультимодальные и авто перевозки по Казахстану и СНГ;+7 (7172) 61-16-30;info@1mc.kz;;http://1mc.kz/;http://1mc.kz/;
Казахстан;ТОО «ТРАНСКАРГО АСТАНА»;Транскарго Астана;Астана;шоссе Ондирис, 46Б;Сборные грузы и автоперевозки Россия–Беларусь–Казахстан, авиадоставка, с 2007 г.;+7 (7172) 46-86-36;info@transcargoastana.kz;+7 705 741 09 92;https://transcargoastana.kz/;https://transcargoastana.kz/about-us/;
Казахстан;ТОО «Caspian Logistic and Procurement»;CLP;Атырау;ул. Куттыгай батыра, 25;Снабжение и логистика: экспедирование, грузоперевозки, склад, таможня, спецтехника;+7 (776) 004-30-39;sales@clp-llp.com;;https://clp-llp.com/;https://clp-llp.com/kontaktyi.html;
Казахстан;ТОО «SHARGA MSC»;SHARGA MSC;Атырау;пром. зона «Гурьевснаб», 49 (Геолог);Автоперевозки, склады, экспедирование, терминальная обработка, таможенные услуги;+7 (7122) 30-88-77;info@sharga.kz;;https://sharga.kz/;https://sharga.kz/about-us/;
Казахстан;ТОО «Asia Trans KZ»;;Караганда;;"Международные грузоперевозки, логистика, консолидация; член КазАТО";+7 (7212) 97-37-63;asiatranskz@mail.ru;;;https://www.kazato.kz/storage/15.09.2026/%D0%A1%D0%BF%D0%B8%D1%81%D0%BE%D0%BA%20%D0%BF%D0%B5%D1%80%D0%B5%D0%B2%D0%BE%D0%B7%D1%87%D0%B8%D0%BA%D0%BE%D0%B2%20%D0%BD%D0%B0%20%D1%81%D0%B0%D0%B9%D1%82%2015.09.2026.xls;
Казахстан;ТОО «ERA TRANSPORTA»;;Караганда;;"Международные автоперевозки; член Союза перевозчиков КазАТО";+7 (7212) 42-01-49;era.transporta@mail.ru;;;https://www.kazato.kz/storage/15.09.2026/%D0%A1%D0%BF%D0%B8%D1%81%D0%BE%D0%BA%20%D0%BF%D0%B5%D1%80%D0%B5%D0%B2%D0%BE%D0%B7%D1%87%D0%B8%D0%BA%D0%BE%D0%B2%20%D0%BD%D0%B0%20%D1%81%D0%B0%D0%B9%D1%82%2015.09.2026.xls;
Казахстан;ТОО «Victory-Trans»;Victory-Trans;Караганда;ул. Пригородная, 5/2;Международные перевозки с 1992 г.: рефрижераторы, негабарит, ADR, склад, таможня;+7 (7212) 50-55-88;info@victory-trans.kz;;https://victory-trans.kz/;https://victory-trans.kz/;
Казахстан;ТОО «ВестТрансЛайн Казахстан»;WestTransLine;Караганда;пер. Стартовый, 62;Международные автоперевозки (группа WestTransLine), таможенный представитель;+7 (7212) 40-04-24;;;https://wtl.kz/;https://wtl.kz/contacts/;
Казахстан;ТОО «KMD HOLDING»;;Кокшетау;;"Международные автоперевозки; член Союза перевозчиков КазАТО";+7 777 874 75 75;tookmdh@yandex.ru;;;https://www.kazato.kz/storage/15.09.2026/%D0%A1%D0%BF%D0%B8%D1%81%D0%BE%D0%BA%20%D0%BF%D0%B5%D1%80%D0%B5%D0%B2%D0%BE%D0%B7%D1%87%D0%B8%D0%BA%D0%BE%D0%B2%20%D0%BD%D0%B0%20%D1%81%D0%B0%D0%B9%D1%82%2015.09.2026.xls;
Казахстан;ТОО «Интертрансавто-Костанай»;;Костанай;;"Международные автоперевозки; член Союза перевозчиков КазАТО";+7 (7142) 91-75-52;;;;https://www.kazato.kz/storage/15.09.2026/%D0%A1%D0%BF%D0%B8%D1%81%D0%BE%D0%BA%20%D0%BF%D0%B5%D1%80%D0%B5%D0%B2%D0%BE%D0%B7%D1%87%D0%B8%D0%BA%D0%BE%D0%B2%20%D0%BD%D0%B0%20%D1%81%D0%B0%D0%B9%D1%82%2015.09.2026.xls;
Казахстан;ТОО «Пять Plus»;5 Plus;Костанай;пр. Аль-Фараби, 111А, каб. 407;Автоперевозки: рефрижераторы, негабарит, экспедирование РФ, ЕС, Турция, Китай;+7 705 109 30 36;info@5-plus.kz;+7 705 109 30 36;https://5-plus.kz/;https://5-plus.kz/kontakty;140240010291
Казахстан;ТОО «AS Logistic»;;Павлодар;ул. Торговая, 11/6;Склады категории А с ж/д пандусами, ж/д тупик, аренда площадей, ответхранение;+7 (7182) 68-68-88;info@aslogistic.kz;+7 771 850 38 88;https://aslogistic.kz/;https://aslogistic.kz/contacts/;
Казахстан;ТОО «Eurasia CARgo Trans»;;Павлодар;;"Международные автоперевозки; член Союза перевозчиков КазАТО";+7 (7182) 21-58-29;rkcompani@mail.ru;;;https://www.kazato.kz/storage/15.09.2026/%D0%A1%D0%BF%D0%B8%D1%81%D0%BE%D0%BA%20%D0%BF%D0%B5%D1%80%D0%B5%D0%B2%D0%BE%D0%B7%D1%87%D0%B8%D0%BA%D0%BE%D0%B2%20%D0%BD%D0%B0%20%D1%81%D0%B0%D0%B9%D1%82%2015.09.2026.xls;
Казахстан;ТОО Фирма «Штерн»;;Павлодар;ул. Лесная, 3/3;Международные автоперевозки Казахстан – страны ЕС и СНГ;+7 (7182) 60-67-51;;;https://www.stern.kz/;https://www.stern.kz/?page_id=27;
Казахстан;ТОО «NK-CARGO»;NK Cargo;Петропавловск;ул. Интернациональная, 56;Автоперевозки Европа–Азия, экспресс-доставка, проектные перевозки;+7 (7152) 46-86-12;info@nk-cargo.kz;;https://nk-cargo-ltd.kz/;https://nk-cargo-ltd.kz/o_kompanii/kontaktnye_dannye/;050640008570
Казахстан;ТОО «АзияШинТранс»;;Петропавловск;ул. 2-я Кирпичная, 6А;"Автоперевозки по Казахстану и из/в Россию, собственный парк; член КазАТО";+7 (7152) 47-57-05;gruzoperevozki-2013@mail.ru;;;https://www.kazato.kz/storage/15.09.2026/%D0%A1%D0%BF%D0%B8%D1%81%D0%BE%D0%BA%20%D0%BF%D0%B5%D1%80%D0%B5%D0%B2%D0%BE%D0%B7%D1%87%D0%B8%D0%BA%D0%BE%D0%B2%20%D0%BD%D0%B0%20%D1%81%D0%B0%D0%B9%D1%82%2015.09.2026.xls;
Казахстан;ТОО «ЭГ-Транс»;;Петропавловск;ул. Конституции, 13;"Международные перевозки на тентах: Россия, СНГ, Турция, Кавказ; член КазАТО";+7 (7152) 33-37-58;;;;https://kz.orgpage.ru/petropavlovsk/egtrans-too-2691937.html;
Казахстан;ТОО «KZ ЛОГИСТИКА»;;Семей;ул. Сеченова, зд. 6;Грузовые автоперевозки и аренда грузовых автомобилей, Семей;8-7222-34-09-00;;;;https://ba.prg.kz/101010000-semey/150740017663-too-kz-logistika/;150740017663
Казахстан;ТОО «TopTrans-Kz»;TopTrans-Kz;Семей;ул. Миржакипа Дулатова, 206;Междугородние автогрузоперевозки и экспедирование по Казахстану и СНГ;;;+77753332888;;https://2gis.kz/semej/firm/70000001055592131;
Казахстан;ТОО «Белэкс Уральск KZ»;Белэкс;Уральск;пр. Абулхаир Хана, 8/1;Международные автоперевозки (группа «Белэкс»): Европа, Китай, Азия, СНГ;;belekskz@mail.ru;;https://beleks.com/;https://www.kazato.kz/storage/15.09.2026/%D0%A1%D0%BF%D0%B8%D1%81%D0%BE%D0%BA%20%D0%BF%D0%B5%D1%80%D0%B5%D0%B2%D0%BE%D0%B7%D1%87%D0%B8%D0%BA%D0%BE%D0%B2%20%D0%BD%D0%B0%20%D1%81%D0%B0%D0%B9%D1%82%2015.09.2026.xls;
Казахстан;ТОО «Логи Транс»;;Уральск;ул. Мухита, 96, 2 этаж;Автоперевозки Россия–Казахстан и СНГ, опасные грузы (ADR), экспедирование;+7 (7112) 54-02-08;logi_trans@mail.ru;;https://logitrans.kz/;https://logitrans.kz/contacts;
Казахстан;ТОО «Самком-Логистика КЗ»;SAMCOM;Уральск;ул. Ихсанова, 38, каб. 104;Автоперевозки Россия–Казахстан, ЕАЭС и СНГ, собственный автопарк;8 (800) 200-36-99;contact@samcom.ru;;https://samcom.ru/;https://samcom.ru/kontakty;220340017565
Казахстан;ТОО «Цифровая логистика KZ»;KazExpress;Уральск;ул. Ихсанова, 38, оф. 105;Сборные и FTL перевозки КЗ–РФ, негабарит, рефрижераторы, склад;8 (800) 200-10-46;contact@kaze.kz;;https://kaze.kz/;https://kaze.kz/contacts/transportnaya-kompaniya-v-petropavlovske/;
Казахстан;ТОО «Группа компаний ТехАвто»;ТехАвто;Усть-Каменогорск;ул. Маяковского, 14;Доставка из Китая под ключ: авто, ЖД, склады Хоргос/Бахты/Зимунай, таможня;+7 (700) 900 77 77;websales@tehauto.com;;https://tehauto.com/;https://tehauto.com/contacts/;
Казахстан;ТОО «ИРТЫШТРАНС»;Иртыштранс;Усть-Каменогорск;ул. Кабанбай батыра, 11/2;Грузовые перевозки автотранспортом, Восточный Казахстан;+7 (7232) 24-98-21;;;;https://ust-kamenogorsk.city/spravochnik/gruzovye-perevozki/irtyshtrans-too.html;
Казахстан;ТОО «КИФА-Восток»;Барашков;Усть-Каменогорск;ул. Тимофеева, 177;"Сборные грузы из России без НДС, ВЭД-аутсорсинг; филиалы Алматы и Семей";+7 (7232) 52-72-72;kifa-vostok@mail.ru;;https://barashkov.kz/;https://barashkov.kz/contacts/;
Казахстан;ТОО «KTZE-Khorgos Gateway»;KTZE-Khorgos Gateway;Хоргос;Хоргос, дом 1330;Сухой порт на границе с Китаем: ЖД и контейнерные операции, перевалка, терминал;+7 (727) 357 21 08 (доб. 2130);infopr@ktze-khorgosgateway.kz;;https://ktze-khorgosgateway.kz/;http://ktze-khorgosgateway.kz/sections/%D0%BA%D0%BE%D0%BD%D1%82%D0%B0%D0%BA%D1%82%D1%8B;
Казахстан;ТОО «ELS GROUP»;ELS Group;Шымкент;ул. Театральная, 33/1;Грузоперевозки по Казахстану, СНГ и Европе: сборные, негабарит, международные;8 (775) 833 45 33;els-group@mail.ru;;https://elite-logistic.kz/;https://elite-logistic.kz/;
Казахстан;ТОО Транспортно-логистическая компания «ХОРГОС-ЛОГИСТИК-ЖЕТЫСУ»;Хоргос-Логистик-Жетысу;с. Жапек Батыр, Алматинская область;ул. Оңалбай Әлім, 33;Транспортно-экспедиционная деятельность, направление Хоргос;87010420000;;;;https://ba.prg.kz/331010000-taldykorgan/111240013162-too-transportno-logisticheskaya-kompaniya-khorgos-logistik-zhetysu/;111240013162
Россия;ООО «КИТ.ТК»;КИТ;Екатеринбург;620085, ул. 8 Марта, 212, оф. 335;ТК с сетью терминалов: грузы по РФ, СНГ (Казахстан, Киргизия), температурные перевозки;+7 800 234-59-60;info@tk-kit.com;;https://tk-kit.ru/;https://tk-kit.ru/contacts;6679113421
Россия;ООО «ТРАСКО»;ТРАСКО;Красногорск;143420, Московская обл., г.о. Красногорск, пос. Архангельское, тер. Музей техники, стр. 8;Сборные грузы, экспедирование, Россия–Узбекистан, контейнеры, мультимодальные перевозки;+7 (495) 564-87-14;info@trasko.ru;;https://trasko.ru/;https://trasko.ru/geo/uzbekistan/;5024028131
Россия;ООО «Каспико»;;Астрахань;ул. Брестская, 7;Автоперевозки из Астрахани в Узбекистан, Казахстан, Киргизию, Туркменистан, Иран;+7 (8512) 48-11-33;info@kaspiko.ru;;https://kaspiko.ru/;https://kaspiko.ru/uzbekistan/;3025028370
Россия;ООО «Лейкс»;;Москва;108811, БП «Румянцево», корп. А, 8 подъезд, 7 этаж, офис 736А;Сборные грузы и перевозки из России в Узбекистан, Казахстан, Киргизию, Китай;+7(495)205-45-95;info@lakes24.ru;+79267457574;https://lakes24.ru/;https://lakes24.ru/;
Россия;ООО «Транзит»;ТРАНЗИТ;Владивосток;ул. Крыгина, д. 40;"Контейнерные, реф и мультимодальные перевозки; Казахстан, Узбекистан, Киргизия, Китай";+7 (423) 279-57-39;info@transitllc.ru;;https://transitllc.ru/;https://transitllc.ru/;2540132492
Россия;ООО ТК «БЛЭК»;ТК «БЛЭК»;Барнаул;656067, Алтайский край, г. Барнаул, тракт Павловский, д. 257В, помещ. Н2;"Перевозки из Самары в Киргизию, Казахстан, Китай, Монголию; реф, контейнеры, негабарит";+7 (961) 996-16-47;tk030@tkblack.ru;+79628047921;https://samara.tkblack.ru/;https://samara.tkblack.ru/country-pages/gruzoperevozki-v-kirgiziyu/;2223618235
Россия;ООО «Ворлдлоджиклайн»;WorldLogicLine;Москва;ул. Сормовский проезд, д. 5, корп. 1, этаж 3, помещ./комн. IX/11;Автоперевозки из Китая в Россию, морские, ж/д и авиаперевозки, таможенное оформление;+7(499)1108112;genbox@worldlogicline.ru;;https://worldlogicline.ru/;https://worldlogicline.ru/truck/mezhdunarodnye-avtomobilnye-perevozki-iz-kitaya-v-rossiyu/;7710725389
Россия;ООО «ТРАНСПОРТИР Групп»;Transportir;Москва;127051, ул. Трубная, д. 21;"Мультимодальные перевозки из Китая: авто, ж/д, контейнеры, сборные; Китай, Казахстан";+7 (495) 229-14-70;russia@transportir.com;;https://transportir.ru/;https://transportir.ru/services/dostavka-gruzov-kitaj/multimodalnye-perevozki-gruzov-iz-kitaya/;7723864870
Россия;ООО «Компания Буряков»;Буряков;Оренбург;;"Международные автоперевозки из Оренбурга в Казахстан, Беларусь, СНГ; негабарит";8-800-550-11-09;info@buryakof.ru;;https://orenburg.buryakof.ru/;https://orenburg.buryakof.ru/gruzoperevozki/perevozki-mezhdunarodnye;
Россия;ООО ГК «ВМ Транс»;ВМ Транс;Новосибирск;ул. Семьи Шамшиных, 22/1, оф. 501;Авто, ж/д, контейнерные и комплексные перевозки, международные, из Китая, негабарит;+7 800 555 85 94;gk.info@wmtrans.ru;;https://wmtrans.ru/;https://wmtrans.ru/;
Россия;ООО «РФК Групп»;РФК Групп;Москва;115114, 2-й Павелецкий проезд, 5, стр. 1;Доставка грузов из Китая в Россию: консолидация, таможня, поиск поставщиков;+7 (495) 620-96-72;info@rfkgrp.com;;https://rfkgrp.com/;https://rfkgrp.com/;
Россия;ООО «ДА-ТРАНС МСК»;ДА-ТРАНС;Москва;127254, ул. Руставели, 14с6, офис 7;"Сборные грузы и отдельные машины из Москвы в Казахстан, СНГ; авто, ж/д, авиа";8 (800) 250-06-60;info@datrans.ru;;https://datrans.ru/;https://datrans.ru/contacts/;7725267999
Россия;ООО «Либерал Вэльюз»;СибирьТрансАзия;Новосибирск;630112, пр-кт Дзержинского, 1/1, оф. 71;"Доставка грузов из Китая в Россию: авто, ж/д, авиа, море; таможня, СВХ; офис в Урумчи";8 (499) 346-67-99;info@sibtransasia.ru;;https://sibtransasia.ru/;https://sibtransasia.ru/contacts;5401343660
Россия;ООО «АЛЬФА-ВЭД»;Альфа-ВЭД;Новосибирск;пр-т Дзержинского, 1/1, офис 71;Сборные грузы из Китая, таможенное оформление, СВХ, аутсорсинг ВЭД;8-800-100-7240;info@alfa-ved.ru;;https://alfa-ved.ru/;https://alfa-ved.ru/contacts;5402027107
Россия;ООО ТЛК «Уралтрансхолдинг»;УралТрансХолдинг;Екатеринбург;ул. Бориса Ельцина, 3а, оф. 611;"Грузоперевозки по РФ, контейнеры, темп. режим; междунар.: Казахстан, Узбекистан, Китай";8 (800) 500 9101;ekb@tkuth.ru;;https://tkuth.ru/;https://tkuth.ru/contacts.html;6685086046
Россия;ООО «ЛогистБизнесИнтернешнл»;ЛогистикАвто;Челябинск;;Автоперевозки по РФ, международные и мультимодальные перевозки, СНГ и Средняя Азия;8 800 500 87 09;hello@logistic-avto.ru;+79226310969;https://chelyabinsk.logistic-avto.ru/;https://chelyabinsk.logistic-avto.ru/autopark/;7447279517
Россия;ООО «МЕГА-ТРАКС»;;Санкт-Петербург;195213, ул. Латышских стрелков, д. 19;"Свой парк: тент, реф, трал; FTL из России в Узбекистан, Казахстан, Киргизию, Китай";+7 (800) 250-95-50;spb@mega-trucks.ru;;https://mega-trucks.ru/;https://mega-trucks.ru/gruzoperevozki-v-uzbekistan/;7814439600
Россия;ООО «АЗИЯ ТРАНС КАРГО»;Азия Транс Карго;Москва;ул. Горбунова, 2с3;"Авто, ж/д, авиа и морские перевозки из Китая и Азии; филиал в Алматы";+7 (499) 404-07-34;info@asiacargo.ru;;https://asiacargo.ru/;https://asiacargo.ru/;7731387839
Россия;ООО «Реалэкспорт»;;Челябинск;454090, ул. Труда, 64А, оф. 408;"Международные перевозки в Казахстан, Узбекистан, Киргизию, Китай; контейнеры, ВЭД";+7(351) 272-42-78;offer@realexport.ru;;https://www.realexport.ru/;https://www.realexport.ru/transport/;7448105810
Россия;ООО «ЦАП 2015»;;Самара;г. Самара, проспект Кирова, дом 10, корпус 1;Автоперевозки по РФ и в Казахстан, сборные грузы, ж/д, авиа, 3PL;+7 (846) 212-98-17;samara@avtotransit.ru;;https://www.avtotransit.ru/;https://www.avtotransit.ru/samara/;7720336737
Россия;ООО «МТ ЛОГИСТИКА»;Magic Trans;Челябинск;г. Челябинск, ул. Рылеева, 16/2;ТК: грузы по РФ и в Казахстан (Костанай), международные перевозки MT Global;8 (351) 219-90-66;chelyabinsk@magic-trans.ru;;https://magic-trans.ru/;https://magic-trans.ru/kontakty/chelyabinskcontacts/;9723132679
Россия;ООО «ПЭК»;ПЭК;Москва;109428, 1-й Вязовский пр., д. 4, стр. 19;"Крупная ТК: сборные грузы по РФ, в Казахстан, Узбекистан, Киргизию, Китай; реф";+7 (495) 660-11-11;pecom@pecom.ru;;https://pecom.ru/;https://pecom.ru/contacts/;7721823853
Россия;ООО «Истлайнс Карго»;EastLines;Москва;117630, Старокалужское шоссе, д. 62;"Автоперевозки сборных и FTL по РФ, в Казахстан и Беларусь; офисы в Оренбурге и Омске";+7 (800) 551-91-22;info@eastlines.ru;;https://www.eastlines.ru/;https://www.eastlines.ru/kontakty/;9726070029
Россия;ООО «Восточный путь»;Восточный путь;Новосибирск;630088, ул. Петухова, д. 37/2, стр. 4, каб. 5;Доставка грузов из Китая: сборные, контейнеры, выкуп товара, таможня;+7(383)344-87-03;kitaica@gmail.com;;http://gceastway.ru/;http://gceastway.ru/contacts/glavnyj-ofis;5403340030
Россия;ООО «ТРАНСЛОГИСТИК-М»;Translogistik;Москва;Михайловский проезд, 3с14;"Автоперевозки и сборные грузы Россия–Казахстан–Киргизия; офисы в Алматы и Бишкеке";+7 (495) 646-64-81;info@tr-logistik.com;+996995303030;https://tr-logistik.com/;https://tr-logistik.com/contacts;9701191455
Россия;ООО «АКФА-СиаТранс»;AKFA;Москва;121151, ул. Можайский Вал, д. 8, корпус С, этаж 13;Автоперевозки из Китая в Россию, таможня, ВЭД-аутсорсинг, сертификация;+7 (800) 200-01-58;moscow@akfa.ru;;https://akfa.ru/;https://akfa.ru/dopolnitelnye-uslugi/avtoperevozki-iz-kitaya/;2723169725
Россия;ООО «Мэйджор Карго Сервис»;Major Logistics;Красногорск;143420, д. Михалково, 25 км а/д Балтия, торгово-складской комплекс, лит. 1Б;"Доставка из Китая в Москву: авто, авиа, море, ж/д; консолидация, таможня";+7 (495) 737-60-06;sales@mjr.ru;;https://mjr.ru/;https://mjr.ru/services/dostavka-iz-kitaya-v-moskvu-s-major/;7733147600
Россия;ООО «ЛК Мультитранспорт»;Мультитранспорт;Санкт-Петербург;190068, ул. Садовая, д. 54, 2-й этаж, офис 41;"Доставка в Среднюю Азию: Казахстан, Узбекистан, Киргизия, Таджикистан; авто, ж/д";8 (812) 490-71-03;info@multi-transport.ru;;https://multi-transport.ru/;https://multi-transport.ru/jeksport/jeksport-v-srednjuju-aziju.html;4705047929
Россия;ООО «СТ ЭКСПЕДИЦИЯ ПЕТЕРБУРГ»;;Санкт-Петербург;198095, ул. Маршала Говорова, д. 35, лит. А, помещ. 6-Н, офис 337;"Сборные грузы авто из Китая и Европы в Москву и РФ; авиа, ж/д, море, таможня";+7 (812) 740-21-93;mail@cttrans.ru;;https://cttrans.ru/;https://cttrans.ru/avtomobilnye-perevozki/;7805722450
Россия;ООО «Винвэй Логистикс»;WWL;Новороссийск;353900, ул. Леднева, д. 5а, офис 403, 404;Мультимодальные контейнерные перевозки из Китая в Россию, таможня, порт Новороссийск;+7 965 143-16-80;mail@wwlogist.com;;https://wwlogist.com/;https://wwlogist.com/multimodalnye-perevozki-iz-kitaya/;
Узбекистан;ООО «STARWAYS LOGISTICS»;StarWays Logistics;Ташкент;проезд Олой Бозори, 60;Грузоперевозки в Узбекистан из 50+ стран: авто, ж/д, авиа, море, мультимодальные;+998 55 514-09-09;info@starways.uz;;https://starways.uz/;https://starways.uz/contacts;
Узбекистан;AsstrA-Associated Traffic AG (Узбекистан);AsstrA;Ташкент;ул. Садыка Азимова, 51A, Мирзо-Улугбекский р-н;"Международные перевозки авто, ж/д, авиа, море; рефрижератор, негабарит, таможня, склад";+998 78 122 0204;info@asstra.uz;;https://asstra.uz/;https://asstra.uz/;
Узбекистан;ООО «High Speed Logistics»;HSL;Ташкент;Яккасарайский р-н, ул. Шота Руставели, 81, кв. 13;"Экспедитор: авто, ж/д, авиа, сборные и негабаритные грузы; Китай, Турция, Европа, РФ";+998 (97) 540 22 22;info@hsl.uz;;https://hsl.uz/;https://hsl.uz/;
Узбекистан;ООО «LOGISTIC SOLUTION»;;Ташкент;Мирзо-Улугбекский р-н, ул. Олтинтепа, 390/3;"Автоперевозки из Ташкента в Россию, Турцию, Европу; ж/д, авиа, таможенное оформление";+998 90 922 85 00;info@lsuzb.uz;;https://lsuzb.uz/;https://lsuzb.uz/;
Узбекистан;СП ООО «Interlogistics»;Международный центр логистики «Ташкент»;Ташкент;ул. Хонобод, 3;Контейнерный терминал, таможенный склад, склад-холодильник, ж/д и авто перевалка;+998 (99) 003-08-88;;;https://ucc.uz/;https://ucc.uz/;
Узбекистан;ООО «Trans Osiyo Logistika»;TransAsia Logistics;Ташкент;Яккасарайский р-н, ул. А. Каххара, 9-й проезд, 16А;"Автоперевозки в Россию, Казахстан, Китай, Турцию, Европу; контейнеры, мультимодал, брокер";+998 71 200 05 67;sales@transasia.uz;;https://transasia.uz/en;https://transasia.uz/en;
Узбекистан;ООО «Universal Logistics Services»;ULS;Ташкент;Алмазарский р-н, ул. Чукурсай, 92 Б;Ж/д контейнерная переработка, склад, таможенный брокер, 3PL, блок-поезда;+99877 282 99 09;sales@uls.uz;;https://uls.uz/;https://uls.uz/;
Узбекистан;ООО «BAYER GROUP»;Bayer Group;Ташкент;ул. М. Риёзий, 46;Логистика 3PL, таможенная очистка, таможенное и коммерческое хранение, от двери до двери;+998 78 150-69-96;info@bayergroup.uz;;https://www.bayergroup.uz/;https://www.bayergroup.uz/;205566845
Узбекистан;MCHJ «EURO IMPEX TRANS»;Euroimpex;Ташкент;Zulfiyahonim, 122;Экспедирование авто, ж/д, авиа, море, контейнеры, сборные грузы, таможенный брокер;+(99897) 768 8000;info@euroimpex.uz;;http://euroimpex.lv/ru/;http://euroimpex.lv/ru/;
Узбекистан;ООО «TransContinental»;TransContinental;Ташкент;ул. Бунёдкор, 52А;Авто, ж/д и авиаперевозки в/из Узбекистана, негабарит, таможня, от двери до двери;+998 (78) 120-38-38;info@transcontinental.uz;;https://transcontinental.uz/;https://transcontinental.uz/;
Узбекистан;ООО «Turksib Magistral»;Cargo.uz;Ташкент;Чиланзарский р-н, кв. 5, ул. Бунёдкор шох, дом 1;Сборные грузы из Китая и Европы, мультимодал, авиа, ж/д, негабарит, страхование;+99855 515 07 00;info@cargo.uz;;https://cargo.uz/;https://cargo.uz/;
Узбекистан;ООО «AL-AF EXPEDITION»;AL-AF Expedition;Ташкент;;"Автоэкспедирование: СНГ, Европа, Китай, Турция; сборные грузы, таможня, склад";+998 77 705-73-77;alafexpedition@gmail.com;;https://al-af.com/;https://al-af.com/;
Узбекистан;ООО «Orient Logistik»;Orient Logistics;Ташкент;Яккасарайский р-н, ул. Кичик Бешагач, 20;"Международные перевозки авто, ж/д, авиа, море; контейнеры, 3PL, таможня; 40+ стран";+998 (71) 255-30-55;marketing@orient.uz;;https://orient.uz/;https://orient.uz/;
Узбекистан;ООО «Arrow Green Logistics»;AGL;Ташкент;Мирзо-Улугбекский р-н, 2-й проезд Шуртепа, 14;Авто, авиа, ж/д, мультимодал, опасные и негабаритные грузы, склад, таможня, 3PL;+998 55 518-19-00;info@agl.uz;;https://agl.uz/;https://agl.uz/;
Узбекистан;ООО «BTS Logistics»;BTS Logistics;Ташкент;Яккасарайский р-н, Кичик Халка Йули, 22A;Автоперевозки по всему Узбекистану: сборные, мультимодальные, негабаритные грузы;+998 93 505 26 27;info@btslogistics.uz;;https://btslogistics.uz/en/;https://btslogistics.uz/en/;
Узбекистан;ООО «Margo Trans Logistic»;Margo Trans;Янгиюль (Ташкентская обл.);Янгиюльский р-н, ул. Р. Назирова, 25А;Автоперевозки, ж/д и морские перевозки, авиа, склад и таможенное оформление;+998 93 555 02 29;info@margotrans.uz;+998935550229;https://margotrans.uz/ru/;https://margotrans.uz/ru/;
Узбекистан;ООО «Antares Alpha Group»;Antares;Ташкент;Яшнабадский р-н, Маърифат МФЙ, ул. Фаргона йули, 23;Таможенный брокер: декларирование, оформление под ключ, сертификаты, ВЭД-контракты;+998-90-958 55 40;antares.ag@mail.ru;+998909585540;https://antares.uz/;https://antares.uz/;
Узбекистан;ООО «LOGITRANS UZBEKISTAN»;Logitrans;Ташкент;;"Авто, ж/д, авиа, консолидация, мультимодал; Россия, Казахстан, Китай, Турция, Европа";+998 97 444 30 74;infouz@logitransport.com;;https://logitrans.uz/;https://logitrans.uz/;
Узбекистан;ООО «Safe Cargo Services»;SCS;Самарканд;ул. Гагарина, 30;Экспедитор: импорт и экспорт, автоперевозки FTL/LTL, температурный режим, таможня;+998 90-657-07-97;info@scs.uz;;https://scs.uz/;https://scs.uz/;
Узбекистан;ООО «RICHES»;;Ходжаабад (Андижанская обл.);ул. Навои, 111;"Автоперевозки по Узбекистану, в Европу, СНГ, Ср. Азию; полуприцепы, рефрижератор";(+99893) 1707070;;;;https://www.goldenpages.uz/en/company/?Id=78578;
Узбекистан;ООО «DZ LOGISTICS»;;Наманган;ул. Касансай, 42;Транспортно-экспедиторские услуги, спецперевозки по Узбекистану и за рубеж;(+99891) 3450666;;;;https://www.goldenpages.uz/en/company/?Id=81386;
Узбекистан;ООО «SAMARKAND LOGISTICS»;;Самарканд;ул. Б. Ялангтуш, 37;Международные перевозки, экспедирование, таможенное декларирование и услуги декларанта;(+99890) 1004411;;;;https://www.goldenpages.uz/en/company/?Id=84211;
Узбекистан;ООО «Bukhara Logistic»;Bukhara Logistic;Каган (Бухарская обл.);ул. M. Tarobiy, 1;Перевозка негабаритных, длинномерных и тяжеловесных грузов, разрешения и сопровождение;+998 91 132 64 26;;;https://bukhara-logistic.uz/;"https://bukhara-logistic.uz/ ; https://www.goldenpages.uz/en/rubrics/?Id=3118";
Узбекистан;АО «Узтемирйулконтейнер»;UTK;Ташкент;Юнусабадский р-н, ул. Абдуллы Кадыри, 23А;Контейнерные ж/д перевозки экспорта, импорта и транзита, мультимодал, таможенный брокер;+998(78) 148-37-78;;;https://utk.uz/ru;https://utk.uz/ru;
Узбекистан;ООО «Road Trans Logistics»;RTL;Ташкент;Мирзо-Улугбекский р-н, ул. Авайхон, 5;"Автоперевозки в Узбекистан из России, Турции, Европы, Китая, СНГ; ж/д, море, авиа";+998951952395;;+998951952395;https://rtl.uz/ru;"https://rtl.uz/ru ; https://www.goldenpages.uz/en/rubrics/?Id=1760";
Кыргызстан;ОсОО «Maximum Logistic Company»;Maximum Logistic;Бишкек;ул. Гражданская, 42, левый цокольный этаж, офис 5;"Автоперевозки FTL/LTL, ж/д, авиа, таможенный брокер; Европа, Россия, Турция";+996 (312) 975128, +996 (555) 688402;transport@maximum.kg;+996555688402;https://maximum.kg/;https://maximum.kg/;
Кыргызстан;Asia Transit;;Бишкек;ул. Игембердиева, 1а, БЦ «Аврора»;"Авто, ж/д, авиа, проектная логистика, таможня; Китай, Россия, Узбекистан, Европа";+996 709 222 111, +996 778 907 707;info@asiatransit.kg;;https://asiatransit.kg/;https://asiatransit.kg/;
Кыргызстан;MultiModal Logistic;;Бишкек;;"Авто, ж/д, авиа, морские, негабарит и рефрижераторы; Европа, Азия, СНГ";+996 509 306 201;world@mm-l.kg;;https://mm-l.kg/;https://mm-l.kg/contact;
Кыргызстан;ОсОО «Asia Logistics Trade»;ALT;Бишкек;мкр. 4, 16/24;"Мультимодальные перевозки: авто, ж/д, авиа, море; Китай, Корея, ОАЭ, ЕАЭС";+996 312 506322;;;https://alt.kg/;https://alt.kg/;
Кыргызстан;ТЭК «Ariadna Group»;Ariadna Group;Бишкек;пр. Юнусалиева, 153;"Сборные, негабаритные, проектные перевозки из Европы, России, Казахстана; брокер";+996 555 700 188, +996 559 013 131;office@ariadnagroup.kg;+996555700188;https://ariadnagroup.kg/;https://ariadnagroup.kg/;
Кыргызстан;ЗАО «UBS Transit»;UBS Transit;Бишкек;ул. Куренкеева, 306;"Свой парк 25+ тягачей; СНГ, Турция, Китай, ЕС; авиа, ж/д, таможенный перевозчик";+996 (312) 880 666, +996 (551) 666 880;info@ubstransit.kg;;https://ubstransit.kg/;https://ubstransit.kg/;
Кыргызстан;ОсОО «Asia Road Logistics»;Asia Road Logistics;Бишкек;ул. Токтогула, 116а;"Негабарит, спецтехника, тралы, автовозы; 15 своих тягачей; Китай, Корея, Япония";+996 995 995 995;office@arl.kg;+996995995995;https://arl.kg/;https://arl.kg/;
Кыргызстан;ОсОО «ТЛБ»;Транслогистик;Бишкек;ул. Калыка Акиева, 1А/6;"Автоперевозки и сборные грузы из России, Европы, Казахстана; свои машины, склад";+996 (552) 07-99-22;office@tr-logistik.com;;https://tr-logistik.kg/;https://tr-logistik.kg/contacts/;
Кыргызстан;Transasia Logistics (Бишкек);Transasia;Бишкек;ул. Московская, 91, офис 24;"Мультимодальные, ж/д, авто, сборные перевозки, растаможка; СНГ, Азия, Европа";+996 558 881 770;bishkek@transasia.co;;https://transasia.kg/;https://transasia.kg/avtoperevozki/;
Кыргызстан;ОсОО «Глоботранс»;Globotrans;Бишкек;ул. Месароша, 1;Международные автоперевозки Европа — Центральная Азия, ТИР, опасные и негабаритные грузы;+996 (312) 345537, +996 (557) 707996;cargo@globotrans.kg;;http://globotrans.kg/;http://globotrans.kg/contacts;01805199810131
Кыргызстан;V Freight LLC;V Freight;Бишкек;ул. Сагынбая Манасчы, 137;"Международная экспедиция (авто, авиа), таможенное оформление; СНГ, Европа, Азия";+996 (706) 220000;group@vf.kg;+996706220000;https://vfreight.kg/;https://vfreight.kg/en/contact/;
Кыргызстан;Vanguard Logistic Company;Vanguard Logistics;Бишкек;ул. Московская, 147;Доставка из Китая в Кыргызстан и Узбекистан авто/авиа, таможня, склад в Бишкеке;+996 (222) 59 55 55, +996 (705) 29 42 20;cargo@vanguard.kg;+996222595555;https://vanguard.kg/;https://vanguard.kg/;
Кыргызстан;ARI Cargo;;Бишкек;ул. Манасчи Сагынбая, 77;"СП с 1997 г.: контейнеры, авто, авиа, мультимодал, склад; Центральная Азия";+996 312 660 077;bishkek@aricargo.com;;http://www.aricargo.com/;http://www.aricargo.com/contact.html;
Кыргызстан;Globalink Logistics (офис в Бишкеке);Globalink;Бишкек;ул. Киевская, 195, БЦ «Чынар», 3 этаж;Офис международной экспедиторской группы: фрахт, ВЭД, переезды, логистика;+996 (312) 902-287;bishkek@globalinklogistics.com;;https://globalinklogistics.com/;https://globalinklogistics.com/kyrgyzstan/;
Кыргызстан;ОсОО «Боинг Логистик»;Boeing Logistic;Бишкек;;"Свой парк: 70 тентованных еврофур и 50 рефрижераторов; СНГ и Центральная Азия";+996 (557) 888-228, +996 (505) 888-338;boeing.logistic2022@gmail.com;+996557888228;https://boeing.kg/;https://boeing.kg/;
Кыргызстан;ОсОО «Каусар Логистикс»;Kausar Logistics;Бишкек;ул. Ауэзова, 1/2з;"Сборные, FTL/LTL из России, Казахстана, Беларуси, Турции; Алматы—Бишкек ежедневно";+996 505 991173;kausar.logisticskg@gmail.com;;https://kausarlogistics.kg/;https://kausarlogistics.kg/;
Кыргызстан;ОсОО Группа компаний «Милан»;Milan Group;Бишкек;ул. Курманжан Датка, 55;"Авто, ж/д, авиа из КНР, Турции, Кореи, США; брокер, склад; уполномоченный оператор";+996 702 440 003;office@gcmilan.com;+996702440003;https://gcmilan.com/;https://gcmilan.com/contact/;
Кыргызстан;Red Express Карго-Логистика;Red Express;Бишкек;ул. 7 Апреля, 4/4А;"Грузоперевозки Кыргызстан — Россия; пункты приёма в Бишкеке и Оше";+996 504 222 000;;;;https://t.me/s/redexpresscargo;
Кыргызстан;ОсОО «Пегас Холдинг»;Pegas Logistics;Бишкек;ул. Токтогула, 125/1, БЦ Avangard, 6 этаж, каб. 601;Грузоперевозки из Китая в Кыргызстан;+996 709 000 010;pegaslogistics0@gmail.com;;;https://2gis.kg/bishkek/firm/70000001087504767;
